Year.x,Month.x,Year_month,airT,evap,rhum,wspd,hgt,chla,var.sic,LowCloud
1978,12,1978_12,258.8333383,0.017997951,88.27498686,3.95667994612444,8909.938692,,85.09720195,69.9170419297637
1979,1,1979_1,248.7090125,0.009688499,81.87725554,2.83859715695372,9659.926889,,96.97573309,19.5035619512654
1979,2,1979_2,253.19577,0.03361868,82.74669127,5.19633975574798,8578.660946,,99.0981465,50.8626424898632
1979,3,1979_3,262.119862,0.065541169,86.04776232,4.28306071358786,8882.390188,,98.84370682,54.6980792684087
1979,5,1979_5,269.931057,0.05023009,92.87935193,3.39147408913146,9651.208515,,89.38103615,30.983601478021
1979,6,1979_6,274.6544174,0.019141151,93.16469848,3.90101901994036,9802.402794,,19.8314395,51.4643713044667
1979,7,1979_7,279.2004921,0.016939929,92.34713009,5.52941728709098,10120.10355,,3.042986296,52.5504664887042
1979,8,1979_8,281.2022757,0.036260557,93.94273272,4.60898760386375,9933.615149,,0,83.2612968770503
1979,9,1979_9,281.1086218,0.341936876,85.11585762,6.8067274213267,9794.942176,,0.168472221,74.3623095039243
1979,10,1979_10,276.3173255,0.40060333,84.6479527,8.97834284694572,9094.670194,,2.380241912,74.180765897285
1979,10,1979_10,263.9597644,0.222503132,85.23593411,6.9067354319557,8363.548707,,2.380241912,70.6981633249598
1979,11,1979_11,247.9303885,0.014626195,80.90897954,3.41832813048269,8620.533448,,30.5614647,50.724067903471
1979,12,1979_12,248.0973468,0.015138913,81.08188377,3.4569589342082,9238.27623,,98.29572313,50.1011415725194
1980,1,1980_1,253.0212827,0.023949176,83.83092757,4.65545163341092,8957.816851,,99.62498775,53.9248359329322
1980,2,1980_2,256.6848794,0.046255108,84.27767036,4.2814321657264,8362.046029,,98.85600818,65.7326348305256
1980,3,1980_3,260.2065729,0.085967234,85.05891273,5.48583329302844,8474.655202,,97.8464808,55.7613879310176
1980,5,1980_5,270.0793905,0.057191862,92.40793879,3.73123140862906,9374.244104,,98.51510256,43.7868024085187
1980,6,1980_6,273.5875897,-0.009610302,96.286731,3.31419444116626,9238.714024,,57.14236129,74.6368097274309
1980,7,1980_7,277.2437166,0.000970232,94.50095748,3.88823736591967,10481.32281,,1.840872419,51.7540743962994
1980,8,1980_8,278.9934303,0.10966194,90.71435099,6.38927263000253,10051.08387,,0,68.3416204249778
1980,9,1980_9,277.7506922,0.241146983,86.84061132,7.05737260176452,10200.15345,,0,52.3188095469954
1980,10,1980_10,274.4132755,0.19441598,85.17740959,6.37659773429389,8722.06789,,3.791336791,84.7671547632137
1980,10,1980_10,258.327861,0.062694855,85.14358379,4.54410691975533,8840.21239,,3.791336791,65.1585448151182
1980,11,1980_11,248.4444159,0.014027047,81.05871143,3.3920475113263,9648.799237,,59.13728545,49.0453018971452
1980,12,1980_12,255.1829346,0.034491849,84.39519516,4.64649803458754,9144.654903,,97.73864862,82.2764572251597
1981,1,1981_1,252.5474523,0.02606306,82.74193055,4.35751478101461,8661.515956,,99.34786201,62.1532620352165
1981,2,1981_2,255.4473378,0.042666285,83.71031269,4.79252120537532,8755.281349,,98.25859024,54.705556605841
1981,3,1981_3,264.5619887,0.059218791,85.88099142,2.74293128966094,9161.606919,,98.70620745,54.9424730604145
1981,5,1981_5,270.7935592,0.03783496,92.25444337,3.20088560341117,9811.163853,,90.24832616,36.1881893437011
1981,6,1981_6,274.787195,0.023237968,91.57465186,4.22048823096476,9579.114685,,21.10094697,39.7580191930358
1981,7,1981_7,278.4787955,0.030146554,92.14090901,4.96404379927363,9938.215358,,1.257453559,71.421169344944
1981,8,1981_8,279.3710199,0.131981724,89.76613925,6.50242985625133,10009.04515,,0.460606044,63.4436055967227
1981,9,1981_9,277.3151325,0.175499579,86.63692723,6.75868275550992,9286.731896,,0.013181818,64.087697819375
1981,10,1981_10,274.1490641,0.286541975,84.13180287,6.9954516918343,8710.726452,,3.184494122,82.7154308467618
1981,10,1981_10,256.4722653,0.057858507,84.9369463,5.25642828204429,8613.753777,,3.184494122,58.9427653249707
1981,11,1981_11,251.3328088,0.01951926,83.21592467,4.0574671005651,8705.480362,,73.57386381,54.6351828844468
1981,12,1981_12,252.2831645,0.022988274,83.46140383,4.26024508096219,9083.045111,,98.28649845,55.6404635052477
1982,1,1982_1,258.6781488,0.023398076,86.91485603,3.90479115093601,9310.942454,,98.89733621,68.3086740610153
1982,2,1982_2,256.2491848,0.041009615,83.16151098,4.02450075415193,8702.577789,,98.40649345,63.5672549190358
1982,3,1982_3,261.7885156,0.076205532,83.8508351,4.34000691984295,8524.394645,,97.88372398,68.4822970325368
1982,5,1982_5,269.5547588,0.071751171,89.97951749,3.3351563071211,8863.676175,,96.66876833,72.2194556273265
1982,6,1982_6,273.8970941,0.00794709,94.19343637,3.75718801146337,9577.985292,,32.22986101,40.2671629887921
1982,7,1982_7,279.017926,0.041592097,91.23616688,4.57085290215573,10231.74893,,0.178592378,36.7594908237441
1982,8,1982_8,279.8922141,0.044224508,91.68226906,4.62405473219371,10771.73821,,0,53.0070212015205
1982,9,1982_9,278.4121326,0.164299691,89.33611068,7.30712428151425,9469.076243,,0,76.8575003891459
1982,10,1982_10,274.3041088,0.364243854,80.72343851,7.31329116335123,8694.582848,,1.366373404,81.5363867550587
1982,10,1982_10,259.3661458,0.125562039,86.34342595,5.65715570537827,9172.361667,,1.366373404,59.3140637979806
1982,11,1982_11,251.8843051,0.02302159,82.83480859,4.9728493100035,9157.690817,,40.42099732,48.8584561425552
1982,12,1982_12,247.5816767,0.013736705,80.69345706,3.71126302933966,9319.113311,,94.47424201,41.9756200293701
1983,1,1983_1,248.8139357,0.027241174,80.22682229,4.40079469030267,8627.279044,,98.96336769,51.9970756688655
1983,2,1983_2,251.581541,0.033407166,81.62899676,4.75048975117681,8689.98036,,99.09124767,30.6289275821809
1983,3,1983_3,262.7581484,0.058880602,86.9335595,4.05752599253181,8624.329876,,99.22245887,65.4094193024526
1983,5,1983_5,268.9962003,0.070329907,89.33012234,3.54983509353848,9585.43644,,98.46928128,24.3940001348096
1983,6,1983_6,272.6388153,0.020539741,93.19471466,2.93365297830137,9792.714464,,76.4318813,47.7637522717868
1983,7,1983_7,277.2221243,0.002780366,93.60604998,3.92231346941617,10369.96054,,14.36053271,44.7863279640906
1983,8,1983_8,279.4675298,0.07378962,91.12466298,5.11634640279176,9705.107452,,0.216104598,72.8924985896607
1983,9,1983_9,276.5400986,0.144065402,86.84227575,5.30231688669085,9382.265207,,1.445795455,82.5586688509206
1983,10,1983_10,269.9573014,0.234570506,87.02361954,6.82916234027789,9103.444774,,27.14767834,81.3055539503048
1983,10,1983_10,257.8164072,0.034875795,86.32954349,4.97524371633615,8839.444795,,27.14767834,74.4990058831622
1983,11,1983_11,257.8753007,0.010934927,88.01244111,4.74747731372508,9666.726317,,85.13924188,46.307436701712
1983,12,1983_12,253.7362922,0.022302648,83.48075903,3.99041549964656,8683.648681,,86.11146173,76.558510790162
1984,1,1984_1,246.0385295,0.026811784,76.71043537,4.65807836977869,7704.878067,,98.22454788,66.9444264015642
1984,2,1984_2,252.3287081,0.036426369,81.4948853,4.61557285272896,8534.179891,,98.56521682,43.4897458325248
1984,3,1984_3,256.5421688,0.058260133,79.77373676,3.27920794445558,7624.670341,,98.24670133,66.0125646637898
1984,5,1984_5,267.8587787,0.067694406,87.83079606,2.6872425429444,8659.266453,,92.82987514,46.7845524980199
1984,6,1984_6,274.0128147,0.005740519,93.46160518,3.36548282614849,9788.827429,,34.55877527,36.0372189031251
1984,7,1984_7,278.1271255,0.040893959,90.77460081,6.10026292292224,10225.60591,,3.766202327,60.1000651814544
1984,8,1984_8,278.1575449,0.055069386,90.2818312,5.16250123539524,9887.940009,,0.066617789,65.6522663979259
1984,9,1984_9,277.0115702,0.049210721,91.00303885,5.41000905713378,9836.386151,,0,62.757416196828
1984,10,1984_10,274.4177519,0.25065131,86.62708237,8.28877117369874,9937.010195,,0.0860826,67.6047787092508
1984,10,1984_10,260.8639538,0.205457245,84.94057724,6.73510862976308,9183.217736,,0.0860826,61.1403847339336
1984,11,1984_11,251.5670944,0.028251937,82.14426588,4.17614131673426,8605.851999,,35.75627538,60.1719642427018
1984,12,1984_12,255.1266212,0.031242509,85.24245266,4.86496635511619,8644.417983,,97.90841929,72.3362102172236
1985,1,1985_1,253.3013913,0.019154795,82.88025452,3.8888968341736,8242.448831,,99.00037858,58.5187003555506
1985,2,1985_2,253.8196781,0.045040948,81.25011809,4.21153574705991,7948.651485,,98.57805766,74.5570020544944
1985,3,1985_3,256.6418391,0.063342213,81.2547832,3.69722919942424,7925.764872,,99.00938479,63.7975563995543
1985,5,1985_5,270.4694361,0.071227079,90.86322025,3.76013478468208,8829.829751,,98.79998762,65.7154491460623
1985,6,1985_6,272.3920629,0.015717073,95.21418913,3.26665305590532,9701.759107,,86.76085874,43.0177873621363
1985,7,1985_7,276.6941438,-0.010236532,93.17858235,4.27749971826562,10694.93028,,15.57807933,23.4390556336201
1985,8,1985_8,280.678365,0.044939126,90.36918364,4.57816532011108,10002.44326,,0.133431085,55.4255031197187
1985,9,1985_9,278.0887328,0.192916598,85.04929827,5.89776305717599,9306.725547,,0,80.6741432162606
1985,10,1985_10,274.5918992,0.442186945,84.66917984,8.56413600499997,8917.069597,,2.973008302,83.2981760408095
1985,10,1985_10,261.3796431,0.064036952,88.71726121,4.77733073004059,9623.293774,,2.973008302,62.2985652374029
1985,11,1985_11,255.2125957,0.034626716,84.78343811,4.88262870084233,9103.814887,,60.74782808,68.4582642621844
1985,12,1985_12,248.3848734,0.031310143,79.76672432,5.35136476701811,8420.488253,,92.30248029,58.7498974379686
1986,1,1986_1,254.6022291,0.018103806,85.36785962,3.48509042165022,9264.129954,,98.43170854,59.3985268821335
1986,2,1986_2,252.3760486,0.032167155,81.7886351,3.82150639614641,8605.269565,,99.25638494,39.5465762617865
1986,3,1986_3,260.4198387,0.058263297,83.94496579,3.25938654964015,8274.401364,,99.09494169,53.0608407797205
1986,5,1986_5,270.2906738,0.079088944,88.8599274,3.39384211818556,9128.715552,,71.47630746,51.1216167313275
1986,6,1986_6,275.4637915,0.016412879,91.52910105,3.63156138668498,10058.88634,,9.232689348,42.5808558002542
1986,7,1986_7,279.3800861,0.027615572,91.67898339,5.2852620091127,10736.10039,,0.727419355,50.7843803137551
1986,8,1986_8,279.8415278,0.091978039,90.52721243,5.35937246896654,9984.819756,,0,64.3207080315186
1986,9,1986_9,278.1234266,0.171746698,85.42883175,6.03714299939179,9468.197218,,0,84.1981535146371
1986,10,1986_10,273.6874862,0.260759861,83.52580046,6.329051398885,9757.470277,,5.408748716,78.7832174579413
1986,10,1986_10,265.6317119,0.156306369,87.80306512,5.70745105520607,9782.040268,,5.408748716,60.8492352865536
1986,11,1986_11,253.2780406,0.030776774,83.66135533,5.58447079552953,8876.215967,,21.11568186,54.5417692472613
1986,12,1986_12,250.6458667,0.024117101,81.47314473,5.05737573887666,8277.338363,,93.02324035,59.7116504693023
1987,1,1987_1,246.2877199,0.028231689,78.07027445,5.23123548117959,8371.324901,,99.06739969,59.7933946112273
1987,2,1987_2,254.8764889,0.033880303,83.53293914,4.27875824397627,9306.083714,,99.34485961,49.7605060932546
1987,3,1987_3,259.8196366,0.073712159,82.976394,4.50485599837157,8796.995924,,99.13837994,70.9897170218099
1987,5,1987_5,270.3590892,0.04948875,92.02767386,3.3215677555453,8974.556923,,95.61870748,55.3190041566641
1987,6,1987_6,272.820752,0.013577614,93.65252787,3.36650312968743,9714.654854,,44.57556828,22.7761122543785
1987,7,1987_7,277.9557566,0.003998635,93.08725808,4.48296803252862,10344.87598,,2.722055206,41.5427102250015
1987,8,1987_8,279.3543866,0.015378174,92.91310306,5.24204840710948,11113.03334,,0,60.6020496345188
1987,9,1987_9,276.9202349,0.205606187,84.44955843,6.73502042933474,9104.452155,,0,80.7599267715017
1987,10,1987_10,274.6012444,0.166918722,86.16570421,6.99301698705582,8840.196081,,2.10940861,71.4868059031531
1987,10,1987_10,260.9428903,0.22332654,84.12588924,7.01665696359904,8346.942996,,2.10940861,66.0835397652209
1987,11,1987_11,250.6789472,0.026270961,81.65413614,4.78083019427422,8235.780889,,37.28136335,75.0133954762776
1987,12,1987_12,254.1872178,0.014441324,85.09428191,4.29254563526362,9513.5314,,98.33048497,53.0042526789585
1988,1,1988_1,250.1772827,0.027088339,81.23663009,4.43114938142993,9033.233492,,98.02662659,53.3735724350003
1988,2,1988_2,252.0447785,0.038146275,81.22130426,4.08637099819331,8922.813727,,99.13902849,47.3108087557982
1988,3,1988_3,262.4175567,0.053621489,87.15184321,3.84457520146789,8695.300889,,99.76295223,47.8321110259955
1988,5,1988_5,269.9275611,0.070950703,92.69479187,4.37269281972928,9254.178205,,97.89711663,38.2450585936119
1988,6,1988_6,272.9236546,0.003223496,94.79171813,2.51699552917337,9696.973543,,75.93212116,58.003973818618
1988,7,1988_7,277.1595395,0.006189861,92.9883857,4.3843418271036,10670.98315,,7.336143673,43.6939673971187
1988,8,1988_8,278.4722956,0.069033974,92.22640564,6.67471842784446,10457.62708,,0.029325512,65.6705492433468
1988,9,1988_9,277.5704571,0.15991912,88.86576963,5.9654832915069,9865.996694,,1.879090873,71.2962208377766
1988,10,1988_10,274.1839362,0.249881079,84.03905369,5.7755678912994,9399.209095,,5.200782029,71.1730499491794
1988,10,1988_10,255.4113567,0.11317199,82.17571774,5.87621036512624,8274.358828,,5.200782029,55.332480986771
1988,11,1988_11,255.0521655,0.033700263,84.4797833,4.41820150618354,8943.636031,,59.395076,88.1195233148633
1988,12,1988_12,249.0294076,0.022565525,79.72476372,3.63690425463332,8682.201528,,99.23792723,68.5921486915694
1989,1,1989_1,263.7956991,0.033143561,89.54915645,5.8302508693043,9253.558964,,99.04589428,69.3614670875851
1989,2,1989_2,259.6558288,0.042073224,86.30965402,3.91466322705354,9048.088205,,96.50100095,55.5650435583242
1989,3,1989_3,265.1545582,0.08405455,86.5714926,4.20344331244221,8786.672091,,97.32768851,68.4683625389518
1989,5,1989_5,270.1161473,0.067445342,90.32438906,3.5346771567585,8948.677984,,83.5449169,70.7443221855441
1989,6,1989_6,274.6431758,0.011054791,92.49846206,3.80634603750908,10188.41836,,13.33555554,44.25690383381
1989,7,1989_7,279.2941869,0.024311231,92.0334304,5.53232368022973,10374.02852,,0,65.5847419032587
1989,8,1989_8,280.1229908,0.016585829,93.74701391,4.99409294325993,10089.14365,,0,70.2381637928035
1989,9,1989_9,278.7140841,0.146949291,88.15639318,7.05031791989444,10018.97715,,0,53.5802873901573
1989,10,1989_10,276.5322894,0.309495022,81.91813639,6.75662425865667,9190.067089,,0.041544476,79.1504123079875
1989,10,1989_10,262.4866584,0.287387454,82.77780453,7.08851546375332,8722.702523,,0.041544476,63.1778422635354
1989,11,1989_11,254.1816192,0.025517699,84.43767182,4.13006578626266,9108.042596,,32.94535362,70.157889160308
1989,12,1989_12,247.826953,0.027223033,79.63881212,4.7911169855604,8273.945825,,98.40676932,59.1802476513197
1990,1,1990_1,247.6997369,0.021661711,78.55496668,3.23486101404005,7859.545879,,99.41493121,83.9827727645322
1990,2,1990_2,255.4765096,0.03074555,84.20911866,3.21217334236762,9370.088954,,99.89772693,56.5284554737308
1990,3,1990_3,265.0641598,0.057475947,88.45392151,3.05987863972188,9913.177121,,99.55207709,41.1628113082839
1990,5,1990_5,271.977791,0.016930592,93.85795388,2.57916419399296,9529.106839,,82.21945242,63.2068370500596
1990,6,1990_6,274.6393428,0.010613651,92.52622952,3.85476486902181,9978.610159,,14.39535352,49.4909136469755
1990,7,1990_7,279.7065919,0.024070766,91.59777572,5.55936411643672,10610.08599,,0.016153471,38.2336228860576
1990,8,1990_8,281.4803616,0.033092835,91.73488457,5.15972356935062,10410.38389,,0,46.4311396334356
1990,9,1990_9,278.5837876,0.192831033,84.19428401,6.68406284064027,9221.213364,,0,73.3661488232057
1990,10,1990_10,275.1327424,0.255928844,83.81556964,7.41761497008303,9165.014196,,0.589784944,83.9479863537836
1990,10,1990_10,265.876027,0.225860301,84.43348988,6.53669237161029,8859.402513,,0.589784944,76.1373660215871
1990,11,1990_11,251.515052,0.036468319,81.03744872,3.99243993130625,9444.45151,,37.19517672,45.6761771301899
1990,12,1990_12,252.2769042,0.024373723,82.36579512,4.44355426946123,9044.91624,,97.82055254,67.3482138977562
1991,1,1991_1,250.0847911,0.026659014,80.64540187,4.80366951560656,8412.054865,,98.56708267,53.4862356864038
1991,2,1991_2,254.3228881,0.034282875,81.7758717,3.79134633749484,8700.903127,,98.25365257,60.22076930669
1991,3,1991_3,263.7545312,0.062948857,87.63210205,3.44095107400871,8668.342557,,98.73167165,58.1999753699282
1991,5,1991_5,271.0561495,0.037103754,93.51317643,3.27131322691725,9372.417885,,89.91019061,47.8189503805684
1991,6,1991_6,274.1127032,-0.001018251,92.19791735,2.90904225258141,10132.25636,,34.00186857,25.2119041878931
1991,7,1991_7,279.8544113,0.069621801,90.13266691,5.62009788802668,10305.86339,,0,41.5319131749324
1991,8,1991_8,281.0772107,0.094199303,88.38594269,5.05644384946964,10524.58431,,0,35.8324607147076
1991,9,1991_9,279.741855,0.221349577,86.90639891,7.42302111915622,10051.4299,,0,51.856543101705
1991,10,1991_10,276.2184102,0.181098594,85.2890812,6.43045830187757,9605.134884,,0,77.3138764398311
1991,10,1991_10,269.9282759,0.237970399,82.45961438,6.35025982939723,9485.143459,,0,52.2758713909487
1991,11,1991_11,250.6225144,0.033057468,81.8025733,4.0069693241551,8735.832669,,10.90583338,47.8808551636243
1991,12,1991_12,248.7586076,0.02296085,80.44958408,4.07521094883768,8617.375832,,86.18257528,57.3262886949063
1992,1,1992_1,250.0329671,0.023566095,81.38492951,3.89606606219589,8428.770748,,98.9461389,52.2709420786427
1992,2,1992_2,253.7741387,0.039572028,81.7793731,3.59548261122977,8113.156143,,98.78683391,74.7476997999888
1992,3,1992_3,265.1613233,0.072295304,85.65842389,3.02266532462592,9481.149403,,99.80149044,72.7958563740514
1992,5,1992_5,269.9621402,0.051159619,89.69253525,3.3032940621313,9287.498727,,85.77600213,57.9363433881947
1992,6,1992_6,273.4668007,-0.003607014,93.8211485,2.78882663569676,10044.49771,,27.48684335,27.9218028711477
1992,7,1992_7,278.8201625,0.031337459,90.99263823,5.04999147581704,10425.76741,,0,38.6848874111634
1992,8,1992_8,279.012692,0.070467769,90.722064,5.59188482336985,10006.94036,,0,72.0971028790735
1992,9,1992_9,277.1439154,0.270482887,79.54678782,6.85783600857922,9046.041323,,0,78.8962376926814
1992,10,1992_10,271.8175928,0.213357562,85.10943305,6.06707956993428,9129.879577,,1.932404701,77.5996496889017
1992,10,1992_10,259.3035364,0.071539667,85.99385955,4.82049040498718,8537.169764,,1.932404701,62.4914932523333
1992,11,1992_11,251.0440776,0.022520716,82.35396183,4.65570858368468,8775.71869,,53.19176765,60.8376138411432
1992,12,1992_12,254.3117072,0.020176709,82.99940147,3.46483991716606,8566.494308,,98.59564955,76.4542742914523
1993,1,1993_1,254.269704,0.018819455,84.52606738,4.13990285883029,9196.70323,,98.82707752,58.0766557025318
1993,2,1993_2,255.1103084,0.034553306,83.06773672,3.31621540959741,9024.998202,,98.76428564,52.574496814073
1993,3,1993_3,263.2417973,0.065164765,87.67569641,4.60861334958369,8768.443709,,99.05452098,46.1043176946051
1993,5,1993_5,270.4241186,0.04743073,92.0052171,3.16912308668168,9511.550206,,84.05965305,48.8455191537515
1993,6,1993_6,274.1503966,0.016480634,91.70322319,4.01229105477921,9862.470396,,12.67277778,13.9867283339
1993,7,1993_7,279.9584529,0.007422678,91.08300709,5.12864884295557,11046.10674,,0,33.5468037488942
1993,8,1993_8,280.4035008,0.105490336,89.07262956,4.68687224819954,10011.4367,,0,65.4620449140433
1993,9,1993_9,277.8369743,0.253551733,83.64136939,7.84551622778503,8989.038781,,0,85.2202461218052
1993,10,1993_10,273.4830916,0.142978114,87.04920806,5.79438902313826,8987.054179,,0.224511236,81.1684999986255
1993,10,1993_10,262.2740814,0.12838436,85.19348635,5.45318540774165,8727.264885,,0.224511236,60.0365569648467
1993,11,1993_11,249.9916121,0.034946386,80.95504732,5.75518714158111,8392.572881,,30.46959595,75.5574441617009
1993,12,1993_12,245.8061093,0.015454347,78.95263402,4.04261074196748,8606.984811,,96.2392229,41.7117695950441
1994,1,1994_1,254.2531313,0.013487401,84.37796034,3.55513122569652,9642.559286,,98.89144678,45.5157137131213
1994,2,1994_2,250.0980036,0.037171663,78.27320156,4.6477639444207,8149.520385,,98.65097422,66.6214969482236
1994,3,1994_3,260.6962485,0.073146521,83.64912814,4.52712104441259,8226.817708,,97.48978493,60.3528628875182
1994,5,1994_5,270.734848,0.058701903,92.67899404,3.55883531460305,9093.782247,,97.31842567,51.274020585628
1994,6,1994_6,272.5365788,0.008973089,92.81859075,2.50053810056692,9622.561332,,54.30828281,42.3309572597531
1994,7,1994_7,277.3711912,0.004700123,93.20037252,3.78538910275811,10112.77025,,3.143279577,49.9347973998724
1994,8,1994_8,279.4191935,0.065416111,90.39400487,6.7266475729702,10171.8991,,0.013978495,71.3226088215148
1994,9,1994_9,278.0394955,0.264206656,88.01249367,7.6136253695965,9901.790464,,0.201515154,63.4995123256689
1994,10,1994_10,268.8640368,0.227114909,86.06371362,5.99393630126434,8662.382573,,14.66390518,71.9862388130043
1994,10,1994_10,253.7029879,0.028624835,83.73812271,3.97377525874224,8662.33828,,14.66390518,62.3813376676245
1994,11,1994_11,250.000156,0.023197768,81.79613797,4.56453770610926,9030.837987,,85.39787922,64.0329222767113
1994,12,1994_12,251.1872257,0.017842429,83.21120748,4.01035580505047,8299.768908,,99.60808887,56.7999809087879
1995,1,1995_1,251.6557263,0.013141865,83.40902561,3.30064267093437,9172.221504,,99.12262963,48.3825116322123
1995,2,1995_2,254.1572933,0.024090885,82.84089365,2.93199905254979,9108.394556,,99.17481006,42.9459297930443
1995,3,1995_3,263.7687579,0.062971779,86.96857838,4.14786954243007,8902.662493,,98.35584039,66.9793039889788
1995,5,1995_5,271.0258673,0.043928661,93.21935973,3.31174613030337,9587.756172,,90.29103143,45.8291581007398
1995,6,1995_6,273.6846262,0.009894755,93.60718525,3.1406770984173,9388.709082,,32.1944445,47.2657878602694
1995,7,1995_7,278.8059679,0.009066634,92.89730162,5.50335675107752,10790.18761,,0.29728739,50.4128924051594
1995,8,1995_8,280.3985419,0.050259923,91.75401373,4.54686394088774,10407.8554,,0,52.4012309635542
1995,9,1995_9,279.6017909,0.127486811,89.13104143,6.30543197486669,9785.065947,,0,60.4862619864563
1995,10,1995_10,275.3714872,0.277491523,84.1848914,6.69525589810379,8978.618529,,0,82.6653322331367
1995,10,1995_10,269.9162425,0.221997999,86.67867961,5.81174466924333,9521.958877,,0,62.3086193660133
1995,11,1995_11,250.7824631,0.063684575,81.13554725,4.89147151125249,9879.988366,,5.554924233,48.552781197334
1995,12,1995_12,252.9952685,0.009162031,84.86386661,3.55783217286083,9333.801805,,85.13350429,56.6876355984877
1996,1,1996_1,251.1120687,0.027137333,81.31596936,4.21666739467328,8486.943393,,98.82453583,61.5463313981899
1996,2,1996_2,261.190814,0.034794075,86.99130926,3.88388700766587,9406.976585,,98.8072619,53.3191364356792
1996,3,1996_3,261.030762,0.078368139,83.44637372,4.47963377149253,8577.382862,,97.74452574,43.8953131800765
1996,5,1996_5,271.734135,0.025420402,92.57375485,3.69311938734706,9966.877265,,57.61146105,56.5481121335836
1996,6,1996_6,275.3466933,0.039885812,90.72655647,5.46967764601504,10046.82273,,3.217777752,57.9902642057835
1996,7,1996_7,279.9296825,0.045806996,90.03688187,5.78175001346045,10437.12424,,0,54.0319517806874
1996,8,1996_8,280.8176276,0.10704409,89.5704983,5.3223533140517,10081.86341,,0,61.7704290852525
1996,9,1996_9,278.9431974,0.269874587,85.8146894,7.85208435747882,9535.804713,,0,66.9192651383781
1996,10,1996_10,274.5109484,0.279909395,80.1024632,6.06595958539387,8956.285693,,0,79.4305563278483
1996,10,1996_10,271.4777784,0.264438546,85.14720719,7.89604924776435,8855.261142,,0,72.844611137575
1996,11,1996_11,253.5974533,0.033706716,83.50165174,3.7335018196191,9189.08333,,8.802601029,58.4325491477562
1996,12,1996_12,251.1593361,0.030482081,81.54114091,4.3469052253332,8817.754858,,90.88949203,70.2339002983422
1997,1,1997_1,251.1919816,0.021305946,82.10046641,3.84764695080455,9144.976112,,98.3741936,55.5108878554867
1997,2,1997_2,253.9285892,0.025840515,83.16043955,3.36390437203913,9925.915207,,99.50430176,35.125618658196
1997,3,1997_3,265.8023305,0.055889191,88.85811157,2.76800911740393,9800.638487,,99.31060641,56.9303755337221
1997,5,1997_5,271.8049502,0.020611011,93.24833115,2.93199747924131,9609.662217,,53.00095294,54.0615426704177
1997,6,1997_6,275.6567538,0.022414994,90.78308621,4.71121343466707,10133.4075,,1.954747482,29.9039249678763
1997,7,1997_7,280.2768889,0.045537187,91.08710548,5.52055026498425,10054.84427,,0,53.221964518463
1997,8,1997_8,281.3032646,0.055544025,91.86010451,5.39917777936564,10456.06926,,0,68.3776037672217
1997,9,1997_9,280.5660655,0.13919054,90.22821097,6.13605424996588,9927.086301,,0,62.0137480757528
1997,10,1997_10,276.4782762,0.316476773,79.71165457,6.35014218103676,9038.237655,,0,86.2682685107527
1997,10,1997_10,269.123258,0.155932943,86.61662081,6.7447468701138,8439.087152,,0,73.3023575562777
1997,11,1997_11,249.3793937,0.037727371,80.23792641,5.3366028575726,7702.018646,,18.16126251,60.1643209944798
1997,12,1997_12,245.131105,0.024715398,78.15029088,5.18654567656083,8567.010497,,93.20102663,48.4674772361734
1998,1,1998_1,247.4298107,0.031298059,78.86842833,5.3943562827504,8802.608526,,98.89303502,57.0003768234409
1998,2,1998_2,259.0883252,0.038577413,85.87153542,3.33481993882004,9080.656601,,99.36701809,66.387963910929
1998,3,1998_3,267.0943595,0.070121894,89.17584852,3.68179662817331,8967.062375,,99.47548866,76.3416236441172
1998,5,1998_5,269.8792841,0.063185314,90.15078425,3.6170209362118,9081.494826,,98.2265888,66.7543030770236
1998,6,1998_6,273.1837715,-0.00080617,94.60305848,2.85008660733282,9661.40549,,61.22260078,45.5642211662867
1998,7,1998_7,279.092748,0.010488386,93.548155,4.87883729059339,10448.42604,,0.409970671,36.1967100977527
1998,8,1998_8,279.2680914,0.088922535,91.02598518,6.62999378861311,9686.089197,,1.732868998,76.3572220925417
1998,9,1998_9,277.4926798,0.095498121,89.70015932,6.7833926843562,9427.414094,,6.230984788,58.8228221557652
1998,10,1998_10,274.8488276,0.222306948,85.96046847,7.37212454283042,9323.527965,,1.813905184,67.6529929485823
1998,10,1998_10,270.1578091,0.240113783,87.04313724,7.4655457090474,9220.008877,,1.813905184,75.3991583466176
1998,11,1998_11,252.1509184,0.018742139,83.78408861,4.17709932130347,8644.873857,,16.61469702,41.791945777338
1998,12,1998_12,244.5259067,0.015432431,78.5070557,3.50821100349174,8143.559167,,94.76534728,47.6391642239207
1999,1,1999_1,247.335943,0.023375293,79.29382274,4.03018666563263,8191.200986,,99.08587514,66.8321260450328
1999,2,1999_2,251.1992789,0.036642794,81.11169115,4.66470665682022,8268.3323,,99.72889553,42.4809961187802
1999,3,1999_3,259.8979567,0.069643587,84.19073021,4.36501015970647,8407.16509,,99.08589906,64.1761759285765
1999,5,1999_5,269.6272323,0.049593745,91.04349724,2.79154500541973,9096.860767,,98.98663272,49.4047594291936
1999,6,1999_6,273.2716657,0.003661418,93.61494998,2.91402699688568,9888.191962,,54.01401485,32.7308978983662
1999,7,1999_7,278.5597699,0.008332551,92.16944453,6.15935749265712,10608.04295,,0.38690127,40.3889709044902
1999,8,1999_8,280.2561142,0.023771054,93.20027682,6.14169993058458,9890.756738,,0,59.4596656242594
1999,9,1999_9,279.3829203,0.140997706,86.38481484,5.4321002399256,9867.467352,,0,56.7284767472686
1999,10,1999_10,274.7124771,0.332132195,79.82555138,7.46086605555033,8524.13521,,0.162805476,81.3803400275662
1999,10,1999_10,258.6168259,0.109937098,83.92601495,4.40984752961932,8765.453782,,0.162805476,52.984250451383
1999,11,1999_11,244.8453251,0.017047068,78.16450339,4.10327856827733,7861.466286,,64.78502487,56.5494802761772
1999,12,1999_12,246.5398235,0.026692988,78.87569092,4.67911290205918,8586.086958,,97.3534458,76.20361642348
2000,1,2000_1,253.8247798,0.033276163,83.70712696,5.19580318814857,9005.103134,,99.77959436,69.5076697733589
2000,2,2000_2,255.540097,0.049185325,82.44192048,5.33425175529107,8788.38397,,99.07520936,51.8574742489796
2000,3,2000_3,260.0823017,0.059489157,83.46828085,3.52170925296779,9240.522733,,98.95151531,37.611896476337
2000,5,2000_5,269.8308301,0.070840573,88.23414331,2.63027245029204,9396.15391,,96.12807944,56.669729079578
2000,6,2000_6,273.3555509,-0.007674576,93.79297301,3.35704921683748,10096.39071,,40.69335861,37.3148836528955
2000,7,2000_7,277.9096708,0.032350883,92.24286658,5.0903882738486,10167.53421,,0.40606061,52.6842890180113
2000,8,2000_8,278.9251139,0.050606356,92.43256682,6.07894359770126,9988.619603,,0,70.2734817282758
2000,9,2000_9,277.7772971,0.134783794,86.31564455,5.16025555100142,9239.017695,,0,81.1592096238304
2000,10,2000_10,273.8508541,0.268954325,82.32390616,7.574051758057,8980.709316,,1.949193547,78.0704934474526
2000,10,2000_10,265.4782776,0.204505285,86.41546793,7.0930692583997,8898.562591,,1.949193547,62.2287288617502
2000,11,2000_11,253.467547,0.031047765,83.9964771,5.57341941946475,9482.044718,,31.3824243,47.8213588820195
2000,12,2000_12,250.2449479,0.036242733,81.1531786,5.70005387444459,8558.673394,,91.04828927,70.3678116840699
2001,1,2001_1,256.9724715,0.029399842,85.68882608,5.06786880778267,8385.458544,,98.12888562,57.8839906824442
2001,2,2001_2,253.293502,0.040593141,82.14152233,4.43918416348563,8586.564439,,98.20717008,48.0381776286848
2001,3,2001_3,261.2566645,0.073881261,84.74980145,4.11117948442691,8926.159535,,99.15855333,53.0715823007115
2001,5,2001_5,267.9015677,0.09711565,86.17346656,3.50189914809231,9069.848113,,87.83629027,54.8854388698944
2001,6,2001_6,274.1326214,-0.000153519,92.84549255,3.88931643923423,10461.75535,,19.78184343,32.0502739809068
2001,7,2001_7,278.2797675,0.019637941,92.77454609,4.62023295949075,10276.60747,,0.067766372,55.466601802269
2001,8,2001_8,279.4287115,0.067099604,90.97218211,5.92419508950918,10510.1265,,0,57.174619102098
2001,9,2001_9,278.3345993,0.119901461,91.24478103,7.19433411546623,9867.680247,,0,73.823690163881
2001,10,2001_10,273.5129575,0.364127103,83.4630089,7.93236852358637,8875.289811,,4.720967724,78.8567289372997
2001,10,2001_10,257.0029648,0.068777599,85.24338932,4.02131000993518,9392.849713,,4.720967724,51.7338430098483
2001,11,2001_11,248.1400807,0.021426261,80.00556957,4.17905308142806,8320.916687,,77.69651529,61.7088509503805
2001,12,2001_12,247.067198,0.014223672,79.09698157,3.92836577822671,8143.984575,,99.23949172,62.1464840574531
2002,1,2002_1,248.6146406,0.021770448,80.19214801,4.59884111513335,8553.683479,,98.88743915,56.7073073590961
2002,2,2002_2,260.6607992,0.026158654,87.78970672,3.6470677885929,9657.071805,,98.48319828,46.6728158368547
2002,3,2002_3,263.5865741,0.064513157,85.31870313,3.535417311393,9064.006646,,98.42355844,51.3925631361379
2002,5,2002_5,271.9597885,0.045282547,91.5415183,3.72670433284308,9695.286744,,63.95901751,57.9791062829388
2002,6,2002_6,275.1378319,0.019228576,90.39405023,4.35649348802794,10065.64853,,3.277626273,44.7441364452206
2002,7,2002_7,277.555961,0.020707599,92.35255251,4.71671047980508,10199.90677,,0,37.0070850713377
2002,8,2002_8,281.0493819,0.118659029,89.64067121,6.16017171199486,10263.28899,1.9236641107368,0,57.9760868269945
2002,9,2002_9,278.901258,0.090951624,89.88933948,5.45375833584503,9652.436504,2.034440683117,0,75.4956637179216
2002,10,2002_10,276.3535825,0.228901306,84.86805955,7.35553681433365,9068.777551,,0,84.5187103175478
2002,10,2002_10,270.6028301,0.332547391,86.28856981,8.41962163123695,8814.380219,,0,79.8206108139823
2002,11,2002_11,256.0787731,0.041847971,85.06455946,4.73011945218306,8554.811343,,14.1172979,67.5751282444298
2002,12,2002_12,250.9744594,0.015698488,82.74068198,3.55167043386043,8704.784693,,73.7094328,51.3695311627732
2003,1,2003_1,246.8104656,0.028757,79.51800543,4.99264190469039,8652.908778,,98.87517108,42.9276960489046
2003,2,2003_2,254.4277244,0.026290435,84.37105769,3.26268311854547,9053.186124,,99.18741891,43.6330226925477
2003,3,2003_3,266.122195,0.051901297,89.55611351,3.62483412553827,8815.512903,,99.40806406,61.5548285976703
2003,5,2003_5,270.8504512,0.048679004,91.4015337,3.69307061798172,9330.695409,1.69104592864913,58.27001471,52.2187822786057
2003,6,2003_6,273.8147139,-0.006817253,91.65030724,4.11521990087477,10038.44619,1.84899559859692,1.926338359,37.1692191766648
2003,7,2003_7,278.9822174,0.063535123,91.12068031,5.20925194945442,10392.63933,1.10929166273118,0,57.8919031138195
2003,8,2003_8,280.4999521,0.135798288,90.94829168,5.7953480513838,10319.85793,1.04289886433879,0,60.306934535418
2003,9,2003_9,278.9439699,0.152830008,87.52309191,5.47085435967637,10104.97129,1.28044855035635,0,67.6859695039778
2003,10,2003_10,276.3759193,0.229970079,83.6759811,7.17648515672308,9092.865718,3.02447088405621,0,83.2648492627888
2003,10,2003_10,271.6459296,0.317685761,82.80552027,7.45281063786977,8509.73925,3.02447088405621,0,85.6658182923315
2003,11,2003_11,253.1253069,0.035613364,83.32342486,3.77359812658422,8525.906515,,13.51457075,63.1220283095221
2003,12,2003_12,250.5777926,0.014841079,82.47201981,4.77446010819763,8680.814544,,97.88475031,30.5014425299195
2004,1,2004_1,245.983784,0.027800249,78.18735189,5.06528963782453,8147.751821,,97.39594257,43.0326929551191
2004,2,2004_2,253.3455806,0.035972056,83.06215285,4.26937983974864,8999.521059,,98.8834117,42.6850105710201
2004,3,2004_3,264.7649611,0.061691379,88.60845174,4.19799545503094,8996.39839,,99.31224366,63.5117435293765
2004,5,2004_5,271.7244684,0.016113158,94.50062707,3.21319768554245,9633.499279,0.587400220302634,71.86546912,68.6793167809172
2004,6,2004_6,273.411219,-0.011587731,93.44644713,4.44452730408149,10165.67333,1.58016850123647,7.342424251,23.6473748876133
2004,7,2004_7,279.6384029,0.009745792,91.23347991,3.67971244815459,10762.3662,1.67217464562431,0,35.9745973105051
2004,8,2004_8,281.3161094,0.031229273,92.60157068,5.5429978303632,11183.21634,0.926838455506393,0,39.3907786260233
2004,9,2004_9,280.2701892,0.298229054,82.64766173,6.47227970415559,9035.472718,2.29770136064426,0,80.4787730294114
2004,10,2004_10,276.6044448,0.28362721,84.92031063,8.9099567457129,9093.584703,1.65640153221276,0,77.9450399786801
2004,10,2004_10,271.4341207,0.237270992,82.94609826,6.97525564828366,8276.270032,1.65640153221276,0,83.7695546559445
2004,11,2004_11,254.5690879,0.131797964,82.98250526,5.77095521691682,8682.703474,,22.10106048,57.3536076637527
2004,12,2004_12,250.5579649,0.012746078,82.27470364,3.85738955409268,9870.682046,,81.92143169,36.0271529946832
2005,1,2005_1,251.3171225,0.033287654,81.8327015,4.19233744780977,8545.604258,,97.75444771,78.8109031397098
2005,2,2005_2,255.0902527,0.042134122,83.44547289,5.0627910783752,8373.630592,,99.20227236,49.6065052814749
2005,3,2005_3,260.7670617,0.055814914,85.8763165,3.84124309470221,8847.256905,0.555199431036648,98.53870941,52.7348582625728
2005,5,2005_5,270.7968323,0.059348063,92.35311361,3.99572325731681,9655.828773,1.70722209523811,79.17964279,52.0765722334837
2005,6,2005_6,272.8307131,-0.001967746,91.64439329,3.8193944019,10198.56795,1.11363120734682,6.983863633,16.7194874353878
2005,7,2005_7,278.5541168,0.032146923,88.44507135,4.2437471863887,10362.76751,1.12797883194837,0,40.0162700524886
2005,8,2005_8,281.9585761,0.04121399,92.8382373,6.10964462292525,10751.37818,1.70571731706846,0,57.6305461239755
2005,9,2005_9,279.9825849,0.10671569,90.9746978,6.24956583153216,9886.092848,1.75703051312891,0,76.8021577855718
2005,10,2005_10,277.7547245,0.283866089,82.17270013,6.40168409257834,9427.801863,,0,72.7120751046981
2005,10,2005_10,271.3737493,0.42565447,79.97168204,8.42147655536906,8325.583509,,0,79.4729043713357
2005,11,2005_11,251.681381,0.040039335,81.69912338,5.60692886699212,8934.879869,,17.9833839,68.7500071931148
2005,12,2005_12,248.411021,0.024237421,80.67769584,3.9880142242961,8008.226514,,96.49122643,63.0594626860895
2006,1,2006_1,253.8236037,0.019198763,83.72287423,4.02030594323978,8179.863077,,99.7156401,57.4483377019715
2006,2,2006_2,253.8175938,0.039370563,82.19170736,4.04240485498242,8752.393399,,98.5264614,46.5454429210137
2006,3,2006_3,259.2175577,0.081622945,83.18904153,4.71104505289131,8272.933782,,97.41151018,61.2473221600065
2006,5,2006_5,270.2756822,0.045739486,91.7827197,3.64774228380175,9648.527087,2.19128260519627,84.98250256,51.1425211060388
2006,6,2006_6,272.4401655,-7.07e-05,93.33682273,4.6093859446993,9715.383681,1.28244737665362,30.51222227,53.6317415087397
2006,7,2006_7,276.1804648,0.009255051,93.3523093,5.06221019810759,10287.86712,1.51382393326648,0.132697947,54.8782363888379
2006,8,2006_8,280.0610587,0.112156975,90.20771182,4.46896564760499,9992.243739,1.4061612390423,0,54.5143702285519
2006,9,2006_9,278.9954071,0.06771055,91.58740419,6.88420697494403,10090.98969,1.38339525855957,0,71.0970030749734
2006,10,2006_10,276.5226085,0.174553375,85.86100239,7.1020991785807,8945.142173,,0,81.4029166788972
2006,10,2006_10,272.5235188,0.23713083,83.33880306,7.37863245490262,10028.40081,,0,77.5291948696225
2006,11,2006_11,257.9536531,0.151981881,81.00916951,5.81477378869011,8538.882755,,1.396868689,55.4096643007152
2006,12,2006_12,250.643937,0.026494117,81.75785578,4.42798052438883,8673.863132,,68.66576267,72.6668640987008
2007,1,2007_1,252.4684139,0.007368459,83.8092289,3.24604669652689,9052.541663,,99.11852357,32.6547916556602
2007,2,2007_2,251.3226039,0.027367952,81.41239928,3.54626341670518,8658.027695,,98.14707814,43.6020279570191
2007,4,2007_4,264.3009427,0.070710599,87.85395701,4.32763004174519,8855.180578,0.230965873140825,98.14237363,52.6032672035014
2007,5,2007_5,269.9427423,0.051050595,88.86060266,2.37338632894362,9567.872102,1.4351939257053,73.87206768,37.7926519735527
2007,6,2007_6,273.3565333,-0.003623215,92.40926344,3.88641959347976,9780.675603,1.6733494252145,6.261616187,36.6773930998667
2007,7,2007_7,280.3289296,0.012401385,87.65391695,3.98717856783811,10546.43871,1.01902487797883,0,20.1000641536681
2007,8,2007_8,282.4945694,0.012297041,91.42463479,3.63765644912882,10849.88695,1.71498434950039,0,36.5012917770213
2007,9,2007_9,281.1865936,0.078146145,89.06654199,5.27759109347485,9631.024567,2.41031514452086,0,60.4895498168673
2007,10,2007_10,277.0427409,0.287974165,82.36053001,6.82920388833841,8883.253896,,0,84.5398987299229
2007,11,2007_11,271.8572236,0.21662475,82.20382551,7.13979669472464,8904.926867,,6.939823289,80.6301069906824
2007,11,2007_11,263.5097881,0.144213863,82.65256275,6.15872278527035,8692.110601,,6.939823289,70.2843461793846
2007,12,2007_12,246.021903,0.018447628,79.11780941,3.90625556131836,8288.24731,,47.27565985,45.3971498535965
2008,1,2008_1,245.813285,0.01663309,79.07082188,3.17024559697648,8521.219677,,98.39850946,39.1501172750614
2008,2,2008_2,249.7497384,0.033717369,80.16821598,4.40335264797047,8697.463342,,98.75198532,38.9525578070507
2008,4,2008_4,264.727321,0.061076282,86.99919269,3.28861001540144,8287.952156,,99.03335855,83.0803999449094
2008,5,2008_5,270.1232288,0.054697216,92.48939759,3.28861794332731,9183.718378,,87.6870238,57.0889388612938
2008,6,2008_6,272.3174565,-0.003921283,94.8284734,2.99584617266144,9724.408754,1.31122744070402,26.39255053,62.2768318932446
2008,7,2008_7,276.9980632,0.022147407,92.57895143,5.21039046290807,10424.82587,1.43893369094917,0.013807429,62.2710707265005
2008,8,2008_8,279.6377912,0.088326124,88.74452756,5.70279680219678,10123.75539,1.0995334257063,0,41.7279426365619
2008,9,2008_9,278.7748937,0.126748023,87.27752476,5.72582784373126,10110.7165,2.01134078235272,0,52.8953386316885
2008,10,2008_10,275.5476658,0.308040853,75.2030888,6.47754690229257,8886.972585,1.58146708575918,0.01498045,75.3665331284387
2008,11,2008_11,267.3758259,0.190430001,81.76305807,6.31022771177537,8451.040551,,31.11267695,76.1426771772827
2008,11,2008_11,254.8744709,0.016750088,85.29126784,3.70441117441469,9023.180041,,31.11267695,47.2108863862644
2008,12,2008_12,249.0594506,0.020871142,80.89477399,3.96717613275289,8758.44002,,97.70845581,55.5073922544273
2009,1,2009_1,249.4925496,0.023180878,80.75150972,4.2428802194476,8235.984095,,99.10259045,63.6674211793556
2009,2,2009_2,253.1567101,0.041867116,81.55732997,4.65638359228957,8152.5634,,99.466342,51.0169227114284
2009,4,2009_4,263.0212762,0.050924634,86.65462367,3.25399506575323,8888.191078,,99.71512615,72.80954296762
2009,5,2009_5,271.2404688,0.024623912,92.95577832,3.35753228897996,9894.414526,3.1740553624721,68.40464341,48.9469714978813
2009,6,2009_6,273.041356,-0.004455349,94.45288169,4.44572877861058,9784.175937,1.84436239027958,7.914292946,40.6704332266442
2009,7,2009_7,277.7194745,-0.009753343,93.22663309,4.99048816528963,10728.48996,1.39804036401765,0,49.1990540762179
2009,8,2009_8,280.4231068,0.069572938,89.39608946,4.57836060663965,10384.23543,2.07943852615945,0,60.0297074913878
2009,9,2009_9,279.235913,0.213354642,86.96979808,7.11019395621601,9480.224577,1.88530209599943,0,73.8456167307695
2009,10,2009_10,276.3929467,0.1678701,85.35293071,6.18206123043936,9583.67256,,0,78.5213891848548
2009,11,2009_11,268.9005215,0.311024186,80.01906372,7.16612105310404,8175.795538,,24.61550495,81.3029164066682
2009,11,2009_11,255.5968107,0.016306699,86.46684449,4.05325082352137,9596.727951,,24.61550495,49.5396795484919
2009,12,2009_12,246.9083145,0.018013614,79.80713294,3.9607092598765,9074.5065,,98.36077702,40.2440033432966
2010,1,2010_1,251.7556319,0.02947787,82.17338504,4.47409571898772,8026.942792,,98.67878781,58.7017023408523
2010,2,2010_2,253.1049878,0.031840002,82.25794054,3.86985414299191,8282.845358,,99.00722359,46.4369962770925
2010,4,2010_4,264.99825,0.076503631,87.27659028,4.05987199066722,8429.210004,0.352603769079106,99.69747474,78.0246764309411
2010,5,2010_5,269.8951327,0.058832301,92.0782516,3.35133592249368,9522.515287,1.34084588693241,94.50906702,43.081093631239
2010,6,2010_6,272.9467265,-0.001006929,93.38403627,3.31215218402079,9889.644303,1.35805414825626,29.86371194,37.9342915869531
2010,7,2010_7,278.2782313,0.035373431,91.32632863,5.11243585316761,10305.56461,1.2351601048396,0.027761486,42.4603691815671
2010,8,2010_8,280.5443234,0.023979216,92.77649988,5.38300276833507,10565.20898,1.02080688656563,0,68.2931397838783
2010,9,2010_9,280.5878922,0.130533841,88.67629954,6.16345385112749,10542.97552,2.31730075920211,0,63.7980543179023
2010,10,2010_10,276.5506112,0.31018044,83.25998607,8.57552766028004,9024.5198,,0.012927664,76.0287734344959
2010,11,2010_11,271.0881046,0.301082871,84.2959231,8.10797103107216,8944.150045,,11.55381309,75.7517015692555
2010,11,2010_11,257.2758813,0.083929934,84.70217568,5.33059553762572,8850.41459,,11.55381309,60.2757534342813
2010,12,2010_12,252.7110825,0.010696369,84.83553512,3.78577317455136,9877.675468,,75.10202824,51.2241778271831
2011,1,2011_1,254.3932155,0.031839678,83.55214193,4.46598260865366,8849.924099,,97.93062112,57.6208082813117
2011,2,2011_2,258.1261312,0.018500829,86.69264797,2.74063247285077,10016.8223,,97.399892,37.2944119489955
2011,4,2011_4,262.3027263,0.068812573,85.24626702,3.69220617811214,8882.814053,0.382687475655133,98.33633851,51.5969609467085
2011,5,2011_5,270.6776624,0.027739812,92.09717056,2.77932433269924,9361.071123,2.48309366040907,67.30029334,32.7397665839882
2011,6,2011_6,273.8880389,0.000250954,91.29891333,4.2372770810963,9929.703934,1.50730076832206,3.643737353,38.9265204973753
2011,7,2011_7,279.021721,0.015710788,92.36332857,4.58175748383883,9715.382148,1.34720141624756,0,56.8287186388074
2011,8,2011_8,279.4421874,0.030622813,93.2793332,4.87111313663216,9607.485503,1.28540286941719,0,59.7818804191028
2011,9,2011_9,279.2227089,0.1471722,89.22626838,7.29993846152014,9978.683443,1.8657231160779,0,70.8491221902171
2011,10,2011_10,276.5765732,0.240887721,80.35170403,5.84081964141081,8860.962363,1.55197269308691,0,80.1498966024779
2011,11,2011_11,269.3248665,0.343182869,78.25024625,7.42157074246672,8811.128243,,16.15191927,70.8373285648174
2011,11,2011_11,253.4688204,0.03924317,82.85781495,5.15061685007026,8531.813897,,16.15191927,73.9083996431977
2011,12,2011_12,245.1160571,0.012848536,79.2348627,2.80932039794038,8133.110656,,96.95017109,50.5095021903567
2012,1,2012_1,252.5197152,0.029820478,82.49909924,4.40728764449866,8037.660626,,99.83504399,66.1528088751613
2012,2,2012_2,250.5764032,0.038604537,80.65038454,4.96234302921442,8188.455512,,99.52048042,38.4719731405731
2012,4,2012_4,263.8452852,0.062203516,87.61759898,3.52320935668745,8944.286744,,99.7706563,62.3825346191746
2012,5,2012_5,269.6056425,0.047783235,91.80519535,3.55141796433327,8802.506103,0.437692259896112,88.20146656,49.3237226630047
2012,6,2012_6,273.0093092,-0.006288277,92.84667351,4.01626457715333,10119.43678,2.42221332586731,22.0158082,26.0404136417172
2012,7,2012_7,279.0932049,0.024535846,92.03132315,4.79216849568879,10276.09603,1.45913428182625,0.141886606,42.7595959180943
2012,8,2012_8,279.7842885,0.036453584,92.63287051,5.88483358461118,10147.42591,0.811189743503234,0,81.2078975402266
2012,9,2012_9,277.2638365,0.141227638,87.98061802,7.10778842232188,9119.560228,1.45436804266423,0,83.9571230682584
2012,10,2012_10,275.18339,0.174392008,84.26193372,7.28611152484737,9807.477628,2.43251177561163,0.199095794,70.5414883535276
2012,11,2012_11,261.9780056,0.110104215,83.45202075,4.22597187155879,10362.67121,,50.26037881,40.3194996833463
2012,11,2012_11,248.7401439,0.021540934,80.75906207,4.58171874751999,8754.768028,,50.26037881,45.7084262938988
2012,12,2012_12,249.6544907,0.02449405,80.93050557,4.71546310777103,8462.730198,,96.36468766,47.828374810784
2013,1,2013_1,247.1114952,0.026767084,79.08255939,4.96971812098678,8272.063002,,98.64882712,52.9637817505693
2013,2,2013_2,256.8482689,0.028711719,84.43471532,3.3665924997508,8754.534328,,99.22678566,55.6753564544135
2013,4,2013_4,261.8965854,0.054082232,85.74540658,3.38187385583927,9423.282836,0.368623574140319,99.22303003,38.7065674819318
2013,5,2013_5,270.0279562,0.054355101,90.75692793,3.67363930699554,9115.821289,1.60448298851711,82.60562093,62.5350250695517
2013,6,2013_6,273.4795894,-0.014184031,93.44961287,3.98609761129078,10493.25683,1.49467506990287,18.42974744,41.5200461260279
2013,7,2013_7,279.3607946,-0.008541319,93.86104163,4.96846944701693,10224.6975,1.09244194447879,0,62.6724084188445
2013,8,2013_8,280.0489085,0.08826106,90.79941858,5.7762899258202,10049.88852,1.43347774935188,0,60.496828900773
2013,9,2013_9,279.25713,0.243097346,82.7772179,5.80120303091647,9140.025386,2.54805687678534,0,77.4709736164618
2013,10,2013_10,276.326151,0.152761381,88.18817048,7.04085538208455,9065.52347,,0.033651025,85.4380904628346
2013,11,2013_11,272.2514882,0.367451332,81.54709975,7.2968518480742,8869.877245,,7.576717177,70.3485957243987
2013,11,2013_11,259.8999857,0.07045924,85.66747102,4.41694452834642,9476.195387,,7.576717177,57.8159717014652
2013,12,2013_12,252.9826603,0.019078864,84.12471952,4.5877594062448,9206.490278,,55.25171052,54.5426754233708
2014,1,2014_1,255.6455485,0.017537826,86.02226647,4.16709075992825,9119.825566,,98.73494622,42.8424797327295
2014,2,2014_2,256.4821462,0.029146707,85.03836602,3.80828170661927,8780.854366,,97.68392858,37.4187659285585
2014,4,2014_4,264.7000597,0.042711915,89.37055088,2.9789210739578,9184.79782,0.788026297166394,97.64676765,38.7521083504617
2014,5,2014_5,271.797353,0.036997917,91.92429341,3.71279713851769,9506.170291,2.71356299020223,52.68387092,68.512855793333
2014,6,2014_6,273.9299603,0.005814131,93.14363641,3.82521570711471,9520.223446,2.40399135333952,3.759015173,43.1496904236294
2014,7,2014_7,279.3243838,0.041269512,91.83914011,5.06105444739956,10680.12366,1.06425058602917,0,51.363708708128
2014,8,2014_8,281.7009187,0.081291673,90.57667558,5.30728391529772,10172.02224,1.49944757970931,0,30.0158906290903
2014,9,2014_9,279.911753,0.162843572,87.62577857,6.23863097189879,9921.916733,2.76720684892599,0,68.7841797039252
2014,10,2014_10,276.9223945,0.312411605,79.70274902,7.32577069293214,9133.927388,1.2117691626301,0.011217009,81.9687057368496
2014,11,2014_11,273.3304196,0.165465278,88.0231826,6.42181602003404,9675.151958,,0.669469689,62.0038585595959
2014,11,2014_11,259.8424215,0.267129753,85.66889977,7.38756682260347,8972.265004,,0.669469689,74.3868946404909
2014,12,2014_12,252.2660443,0.022159521,84.12001902,3.74281835648503,9113.794125,,66.63475071,49.0295580658894
2015,1,2015_1,252.2097509,0.018173245,83.67337799,3.45774809058995,9076.998221,,98.40481406,47.4106226922281
2015,2,2015_2,252.6355395,0.032405353,82.84112129,3.08601537753426,8786.116904,,99.28452411,45.7556659283768
2015,4,2015_4,263.0421613,0.059663677,87.76395714,3.40056446586423,8406.199013,0.446040239324026,98.44404047,55.8607892736348
2015,5,2015_5,271.4213265,0.009848896,93.89525423,2.7315345004635,9885.18816,2.5698751150429,64.85554767,57.9071514960029
2015,6,2015_6,274.6247681,0.010036955,89.29059988,5.66878240274986,10031.88682,1.76242883840597,1.259570717,39.1537410908818
2015,7,2015_7,279.7219453,0.013126602,91.67744076,4.70776577518459,10483.30314,1.82588247856945,0,24.1138239970191
2015,8,2015_8,280.9260268,0.108655208,90.85047088,5.52986752131545,10088.6548,2.52596175309377,0,73.0195996747917
2015,9,2015_9,279.2039738,0.220502886,87.36971239,6.87031740991206,9580.149174,1.81733687123854,0,70.2100172756103
2015,10,2015_10,277.1586023,0.229357393,86.11821949,7.32937152725863,9753.810523,,0,77.0439436141657
2015,11,2015_11,272.9534423,0.291369813,82.75681547,7.11903882884719,8534.432905,,2.808308067,79.2530528348086
2015,11,2015_11,253.4253344,0.111038707,82.579933,5.68842173561564,9186.559433,,2.808308067,51.2877569174248
2015,12,2015_12,253.4637632,0.024994578,83.77790875,5.07095333561139,9091.991358,,86.27038094,48.5013247305948
2016,1,2016_1,253.8649377,0.021825519,84.46501843,3.95210945350154,8893.973949,,98.40114802,48.5997672564258
2016,2,2016_2,252.6012772,0.033633724,82.40054043,3.91818159420279,8577.125424,,98.83735628,34.2523090135741
2016,4,2016_4,262.870371,0.057434688,89.01244223,4.14053885527274,9259.66141,,99.26664104,36.3707907580408
2016,5,2016_5,271.469614,0.012934087,93.80944331,3.36993983092151,9938.051087,0.385086609942845,68.01402748,44.7117697267581
2016,6,2016_6,274.3827065,-0.003976992,91.69890279,4.09736209400777,10633.45926,1.85981004729337,4.032146514,30.4857510014764
2016,7,2016_7,279.9434545,0.049366464,90.46541915,4.7679294448371,10733.53948,1.177908768107,0.281842616,39.7566719741401
2016,8,2016_8,281.4911953,0.114264063,91.01017744,6.17772894261889,10704.65919,0.97180591209121,0,58.0936133416599
2016,9,2016_9,279.527184,0.174025921,87.98873789,7.00735689540867,9873.026498,1.60432608569521,0,61.008439564365
2016,10,2016_10,278.4966576,0.19714509,84.85495653,7.62219751494866,10294.2569,2.13885387847962,0,43.5407449753148
2016,11,2016_11,274.9650131,0.377447447,80.36219586,7.1103662156112,8471.643713,,0.741818183,70.6001470261203
2016,11,2016_11,263.3891097,0.135738734,86.0968164,5.23106987867569,9069.472008,,0.741818183,61.7306335649461
2016,12,2016_12,254.2654161,0.033762435,84.6072637,4.55189797124325,8810.330926,,50.66248791,48.6172967898451
2017,1,2017_1,252.5060148,0.017447282,83.82511172,3.86133585299832,8693.93384,,89.90197956,51.3600858844078
2017,2,2017_2,256.6105008,0.023324295,86.2709703,2.70726490462435,9249.100918,,98.22321418,44.8234876097105
2017,4,2017_4,263.2963453,0.046762862,88.46824035,3.21160360398965,9616.034573,1.01368170903363,93.9290153,23.9637934847937
2017,5,2017_5,270.5950141,0.034550002,92.66898486,3.28009390487536,8930.570026,5.15310178304855,40.06131464,48.939679348156
2017,6,2017_6,274.7284396,0.001583676,92.36385814,4.83167699830687,10412.26871,1.27482121869633,3.426893934,25.3450806904452
2017,7,2017_7,280.251763,0.010405734,92.57486865,5.09925514376531,10948.26814,1.78862236831051,0,52.9850229098985
2017,8,2017_8,281.5854286,0.200047358,89.70270723,6.56161054345647,9864.912058,2.05207221180851,0,71.8783018784462
2017,9,2017_9,279.2279421,0.137586595,87.80959576,5.91849373439744,9665.961054,3.03928415471661,0,62.7710588787702
2017,10,2017_10,277.351822,0.241515501,82.54758192,6.76520925938105,8944.21635,,0,75.3057263777817
2017,11,2017_11,274.4510155,0.315997574,83.45847763,8.88966716794112,9476.773681,,0.671792941,69.2054670167218
2017,11,2017_11,268.6557229,0.250157365,86.95069631,7.20250409339731,8519.895358,,0.671792941,72.3215486503182
2017,12,2017_12,251.2710309,0.029511945,82.968873,3.56770056721403,9351.247656,,26.00415454,42.9867901991877
2018,1,2018_1,259.1251686,0.028386267,87.32427824,3.8820393463379,9370.672296,,93.83875806,59.2066098186409
2018,2,2018_2,260.4576392,0.040832289,87.07716062,4.05696942010511,8520.820246,,88.36049791,61.3854907759966
2018,4,2018_4,264.1243598,0.056397684,88.40993758,4.23877925718881,9040.193783,1.68736958485213,86.63603531,28.4733907814956
2018,5,2018_5,271.5880384,0.039701376,92.10598775,4.01132617782086,8887.962966,2.06901239169668,37.23025393,54.9091085602699
2018,6,2018_6,275.0075042,0.020945249,90.32676133,5.56782206418521,9834.899778,1.48816414963274,2.344166679,27.2124549270238
2018,7,2018_7,280.3019025,0.037836213,91.68937637,5.56158008739201,10806.11316,1.54924421950651,0.036119257,45.7572208010278
2018,8,2018_8,282.7477665,0.143501703,89.33977305,5.671425216392,10167.5289,2.19498785410133,0,57.7604324502196
2018,9,2018_9,282.0732321,0.075853632,89.42409046,5.2351014108834,11152.20057,2.03492004494532,0,35.0035106323671
2018,10,2018_10,279.4246863,0.295666444,86.16880391,8.06244376318072,9374.513908,,0,58.6294300234313
2018,11,2018_11,275.117383,0.396864726,83.79818901,8.66353540864171,8801.418555,,2.683787888,79.3032111497158
2018,11,2018_11,258.2939886,0.184255854,82.86282968,6.55567057995374,8088.645284,,2.683787888,68.9031705506406
2018,12,2018_12,249.5378352,0.016789828,81.99896949,3.53279042615,8516.606539,,66.88211117,47.2017935622114
2019,1,2019_1,260.3948674,0.019208824,88.56362894,4.46324461235587,9085.383946,,99.0552541,60.5399924581992
2019,2,2019_2,263.3263216,0.051472751,88.34023882,5.1477491580053,9082.158696,,97.73022189,73.0299028319049
2019,4,2019_4,264.8522745,0.073121591,88.2190657,4.55679089345578,9118.267674,1.99063275752887,89.04040389,44.1836427727864
2019,5,2019_5,271.7713296,0.01457365,93.61496844,4.32380776772994,9109.248622,2.76175512809773,21.51224333,46.4765475413969
2019,6,2019_6,274.1598129,-0.006287368,89.59236034,3.95280703998392,10361.42304,1.08281499876756,2.409267673,33.021238522705
2019,7,2019_7,280.2060013,0.006183082,90.76359168,5.0795893064418,10684.61473,1.70407605252357,0.057869012,30.5288080165086
2019,8,2019_8,282.0013389,0.066735018,91.68243965,4.66254594405125,10697.38284,4.0233991563171,0,66.999614797157
2019,9,2019_9,281.4660883,0.117041426,87.55292939,5.4126133210759,9454.29085,3.22529094144538,0,72.3693454258302
2019,10,2019_10,278.0758797,0.246491645,84.05560693,6.65272675592362,9242.697464,,0,79.4929273781047
2019,11,2019_11,274.0913878,0.369777015,80.62835713,8.36165905644909,9126.427732,,0.871868686,74.2873025583877
2019,11,2019_11,260.2642019,0.098899856,85.01572947,4.75087869339203,8549.279618,,0.871868686,49.2062747566073
2019,12,2019_12,246.0522742,0.010742306,79.8287504,3.72111602451232,8656.931899,,56.57781032,27.2777223943955
2020,1,2020_1,245.4143871,0.016883378,79.44350808,3.59363049069756,8522.097913,,98.33944298,47.4535165890806
2020,2,2020_2,260.3125173,0.039447845,86.46376826,4.03997599553617,9881.876444,,99.82834394,60.0715492705299
2020,4,2020_4,267.2549592,0.06639071,88.82847834,3.33121871871738,9267.780154,0.685558615912301,98.29684379,73.9302103399276
2020,5,2020_5,270.0662093,-0.001829285,92.10009797,2.56653427340148,10320.60746,0.756831055901773,70.40904219,0.683420471703329
2020,6,2020_6,274.0321658,0.003742504,92.21759951,4.54458574336869,9484.962749,3.08996290487444,4.467828268,25.1791692962136
2020,7,2020_7,278.5301394,0.01798682,92.47219376,4.69867870042654,10501.57791,1.15802278935583,0.007697947,46.447359624037
2020,8,2020_8,279.8640109,0.04282152,92.26035686,5.59106175715964,10374.7486,1.46027948234882,0,48.3622526820711
2020,9,2020_9,279.018418,0.112978826,89.98093657,6.34832198657808,9732.336093,2.16411091200635,0,83.5664604029785
2020,10,2020_10,276.7054405,0.174154247,86.78682992,7.19357595370066,9564.230934,2.79932229456061,0,69.6124469714378
2020,11,2020_11,274.0952803,0.243276374,83.50615358,8.07030956853336,9373.317319,,0.507095947,76.1450451859119
2020,11,2020_11,259.3875987,0.144513423,83.64881497,5.56853772842191,8324.293356,,0.507095947,54.4297093744287
2020,12,2020_12,251.4448571,0.032638346,82.33085343,4.54171799524341,8587.513428,,65.13907641,69.2560390072475
2021,1,2021_1,246.3779592,0.022636789,79.23952474,4.38547977665458,8543.663376,,,37.4021710843189
2021,2,2021_2,256.4087096,0.045880404,83.97355537,4.39811605590588,8602.589635,,,65.2885952440185
2021,4,2021_4,263.2393797,0.051386793,86.84511264,3.3546447847091,9458.419218,0.530548090350403,,48.8106468296641
2021,5,2021_5,270.5982194,0.03748003,92.60498703,3.09276900437455,9673.89646,2.16238179323242,,40.1195693549062
2021,6,2021_6,273.3403104,0.000392138,94.11375152,4.98742674289293,9393.217337,1.80506647196153,,54.5681397757114
2021,7,2021_7,277.3296279,-0.01095094,95.0310625,5.00161416446572,10652.68721,1.1834607116657,,71.4022307837097
2021,8,2021_8,279.041101,0.085406304,91.22716806,5.79329943060888,10126.18336,2.45469580228216,,67.797355830024
2021,9,2021_9,278.1243486,0.15577577,86.10321374,5.38496797740628,9153.167169,2.78298371545622,,77.0142455567676
2021,10,2021_10,275.0665218,0.19727389,81.87786775,6.57210155951979,8748.04343,,,87.6352469295759
